,purchase_value,tot_time,is_fraud,prediction.csv
48175,53.0,-0.0007187301475752,0,0
24379,14.0,-0.0021650658210079,0,0
122222,10.0,-0.0004098598620821,0,0
54149,50.0,-0.0003975086805958,1,1
9438,12.0,-0.0003622326936538,1,0
137627,45.0,-0.0019790180112628,0,0
75116,53.0,-0.0004313262166903,0,0
109913,53.0,-0.0010700731454443,0,0
18141,20.0,-0.0008667608065209,0,0
87050,13.0,-0.0005387484335141,0,0
